id,title,artist,year,imagepath
61,"Portrait de Nicolas Lamoignon de Basville (1648 - 1724), intendant de la Province de Languedoc",27,1700,656117cab21993f9252be72898f7887e493abdfd4bf5b768fd17f1cba455d84d.jpg
62,"Portrait de Joseph Bonnier de la Mosson, receveur de l'Hôpital Général, trésorier de la Bourse des États de Languedoc (1676-1726)",27,1702,f869bab6f11b2a06c85b4d6bf0135677a408b65d66ffc933ea259a181702e6a3.jpg
63,Portrait d'Anne Melon (1685 - 1727),27,1702,d368a599bbfbf62cca836ec4326ab6e3bd3fb27f2233ccb9f0dd81eb8689720f.jpg
64,Étude pour une vendange,1,1868,f0ebfab372739213dc460817d1d0a558caa353cbd12ee644bc17d057096f4dd3.jpg
65,Petite Italienne chanteuse des rues,1,1866,2875b36394ee3c2cd93c4e234450b2f1ce16aec7ce6dfbf365db0ecf4ded9ef0.jpg
66,Jeune homme nu couché sur l'herbe,1,1870,a71c23ea8527fbc397bc7a3ee90af655fdeb7a84308749f134596f716ea87fdf.jpg
67,Fleurs,1,1869,6c2e458e6803a8360af4ac85948a00b4a39fb40acf3e380c5d172ecc28ce4236.jpg
68,"Rue de village, Chailly",1,1865,e89d3044aa1068b957b8980ddf26bd92091cdb0c1dbae346b4e46ec30b488d2a.jpg
69,La Macreuse,1,1864,5ca2504e56efebb46825957677bddbadef71121bfee464ae2bd91aa675643b53.jpg
70,Portrait de mesdemoiselles Sophie et Berthe Cabanel,28,1872,50f9857739ab1c4b6c7e5850b8b1f9e1cbf9a5c59b96807590c586657d4b6fc5.jpg
71,La Mort de Moïse,28,1850,725b9490fb2fe4aabd77940cae0e9a3759583f0e2d5add8c9fce4eb12f52bd91.jpg
72,Portrait de M. Pierre Cabanel,28,1883,d3b3223ee3024b4460243b5db5127404024fa5ba66bff9a99a7670c535b82383.jpg
73,Saint Paul entouré par les lions,28,1843,4786a59e79a6ba1726a2ad1cfe714567ea217e122823488a804430848bab5493.jpg
74,Étude pour le Paradis perdu: Adam,28,1865,6aa3d72a3c1bac2ae79a9ed1791070afa1980025c3957d69634b63ce55fb4fb8.jpg
75,Saint Jean Baptiste,28,1849,c9c6dd877970d0bfdcdffbca0dcdac87aec6164f98dffa187c937041dc01663b.jpg
76,Portrait d'Alfred Bruyas,28,1846,222a636107c4b4345a90d14b4ed3a8e503cdb3cbe9d966c5f822bff60fce2a1d.jpg
77,"Un penseur, jeune moine romain",28,1848,1c7d63c27bd2fe52da4c63a873ab667aac5c7eb30fc469f15b7216650b43fcc1.jpg
78,Albaydé,28,1848,599ff461a08454000323bac07118ddcc3b1749298de578c29bd8c7539021621e.jpg
79,Portrait de l'artiste par lui-même (à 29 ans),28,1850,fbeec9f049ea19f3c2278e39615a5fe67fb00bb316984c83aab520556889b425.jpg
80,"Portrait de madame Louise Marès, née Bidreman",28,1851,102e63adc7ddfa72ca2b5bcce111a35412f7d6b0bb2f59adff81a9bbf39e3479.jpg
81,Cincinnatus recevant les ambassadeurs chargés de lui porter les insignes de la dictature,28,1844,9e1c1bac79e9fd4293aa419b9947ca442648af2e08c1f52b8ef723088d4647dd.jpg
82,Suzanne et les vieillards,29,1791,de1dcbc4177f78953a8614e10047af7a02fffc8f891a3c769737803ee4b430aa.jpg
83,La Mort d'Abel,29,1790,a4037aab4f1195d1f480cb41382f1c4b031477ff21cd16bc7ab2aa6937e08912.jpg
84,Saint Sébastien expirant,29,1789,93318c3fe14977aa9944553670166a5c098a796e8428605e010061c08c0f94c0.jpg
85,"Soldat romain au repos, académie",29,1788,71c8a4289532766e6b95c23967f07af3cdbe1f04f06a179702ac8f9e1b0f1390.jpg
86,Portrait du sculpteur Antonio Canova (1757-1822),29,1812,a586b0ac2d474633113c3ffd1110d4d7dca875dd26502b9c845e0a117be838bb.jpg
87,"Tête de Saint Jean-Baptiste, étude",29,1791,f8d7989f11ee306c17f2840126b6a9240da16c3fa04d1f76e2abfad9680e5c9e.jpg
88,"Tête d'homme barbu, de profil",29,1791,5e84fc7c23e687fda6f069ebf5dc93d8188ad30985e3dff967228ade296cef34.jpg
89,Tête de vieillard,29,1784,0975903ca56406415d968a1c3375972c8f2f6b9ebe84d860c652faa7fd793630.jpg
90,Portrait de Vittorio Alfieri (1749-1803),29,1803,db754c33bb58a19dfec3c6101ab054febf74306d0ddc0eb2a4734138e0ec506b.jpg
91,"Portrait de Louise de Stolberg, comtesse d'Albany (1752-1824)",29,1796,1f85a45a0d5343189a4178d684cdc090f4d83588ae9613fba60dd896313d53d7.jpg
92,"Portrait du docteur Henri Fabre, frère du peintre",29,1791,63ded8e6a14efc46f3fb729fff1e2a5c3bf5311c35e3d50c2cd5d79d067fc4c0.jpg
93,Portrait d'une jeune dessinatrice,29,1795,fbc667bee2ced40aa33d5a935cecd3bbfb09a8607fc7a52972ad76c73308023f.jpg
94,Portrait de Lucien Bonaparte (1775-1840),29,1808,75fc69d1eae24fbb27a7d38f7207d25b82786b698da126c03b37983746421b94.jpg
95,Autoportrait,29,1784,19588e0911b7c0776a17a9dd92e3ddb2ca5e0aa0e0afb69d759b56e9b79b2b0e.jpg
96,Autoportrait âgé,29,1835,c973e017c4a8f10ef418b0c5c872769b5c0b5267a6824aef51e031bdfe5c98ff.jpg
97,"Portrait de Philippe-Laurent de Joubert, trésorier de la Bourse des Etats du Languedoc (1729-1792)",29,1786,4373d248dd831c33b06614466e9d05461701fb0918aecca018c79fc2f306a76b.jpg
98,Le Mariage de sainte Catherine,30,1560,26809ffd8c9ac16e9115c392d60076629e99c36ae6baec1e0608f4925fff51e2.jpg
99,Orphée secourant Eurydice,31,1862,5a2e86a1fec67bef1de6c06bf06c427647fed14db99557c54411b38010e0c020.jpg
100,Portrait de Pierre-Auguste Fajon,32,1862,c3c93845d6a92acf3203e19dda2e6f393f6071e5357c32c3906f7999930d19d0.jpg
101,Etude de femme (H. Bonion),32,1854,2900b45b4413dfcc5b4cc35f2e46c1449eb257444abbc236bf064f2f309bca24.jpg
102,"Portrait de Bruyas de profil, 1854",32,1854,e1ca39f1f7d42edaa2b90119ecebfb4175fd9f7df6b3854a85f19fd5e99b2f0c.jpg
103,Paysage au satyre endormi,33,1620,aa06f6fe4122fba014bbb6f35919b8ce3b362536b83aaf279a8bb72372777235.jpg
104,Portrait de Fontenelle (1657-1757),34,1720,36f47df2ff4fc0c88233b3b13c74971cd3fd97fe03daa5f051c4cc7aef8d5587.jpg
106,Tête de femme et main d'homme,35,1806,5be2e85166ada567bc5b9f089619e306d6124259d0f9ec14730d343eee8acf09.jpg
107,Velléda,28,1852,20b2b45934ff1d56110c1bd1efd1daa6d8ba4b5494fa6ea17a7a1f32af33f7ee.jpg
108,Allégorie de la Prudence.,36,1645,e00955a2002a42557fa83c09ac3ebdae2766ce741297f16fec50fe7ba9b48e7f.jpg
109,Vue du grand canal et du pont du Rialto à Venise,37,1775,3dc79c84b2c4fb7df128839d3b253dcb7acc7f8d95a12471cb82d40f379aa8e0.jpg
110,"Portrait du cardinal Jean de Bonsy (1554-1621), évêque de Béziers de 1598 à 1611.",38,1616,0bffac6236972d0c4afc6982b7034569b191ff182abcd1a3e8395f8eb4f730a5.jpg
111,Paysage avec des bandits,112,1725,4214a877b93ae09c17025edf6d92f6084e405cacfd83f2d4e22ae6235f951152.jpg
112,La Vierge au lys.,113,1642,7604fbc86b7b69660abb1bd73a5322476e184c658f117e1ed1368ad5a9469286.jpg
113,Apollon et Diane perçant de leurs flèches les enfants de Niobé,115,1708,48bb1eee2b07eca81aa947ef0a3d30e3f7ad5ee9c431c3e630f753d5deb64370.jpg
114,Ariane dans l'île de Naxos,115,1725,70f97544a133d04643b61b34ceb802d7cf9752fdf196526a304d0a33c8628f21.jpg
115,Portrait du jeune Edgar Clarke,29,1802,8f3d430b4e9b018dddb2c044311d536a7ccb15e3c3489317c62525537690d712.jpg
116,La mort de Narcisse,29,1814,64a62cc2c71a6ea7a3ffc3f96094b21b5a232383a4fffa9eca4749278266d69f.jpg
117,La fuite en Egypte,116,1608,49d116c9532c291a5a59949e689a2898d44a1a74a7150cc91419f56123aec00b.jpg
118,L'Hymen,117,1850,08624c10857cacce67e8a0aab834cd98735bea3dd5b16b2dd880138cd8188457.jpg
119,Jeune fille grecque en costume d'Athènes ou portrait de Madame Amédée Pichot,118,1833,8c6b46703d05b6015374ac0395552eeb75fa66e670d97bcecd003a22dd7fc03a.jpg
120,Paysage avec le sermon sur la montagne,119,1620,3c617020a7d18ccfd99c308292a3fb34306737e2dbdf151e49c9f9da0775e511.jpg
121,Touareg,120,1896,bdca3753cbe3b680945a9548dec03f39c025c14ab576dc34afd51bd983edb197.jpg
123,Saint Pierre et saint Jean guérissant le paralytique à l'entrée du Temple de Jérusalem,66,1687,8c08a42aac1b8fe1c25f6be4d2a5a9f8fbebe16fecef5da888f5f8f6558ce8a1.jpg
124,La Charge d'Alincourt,122,1885,455ffd430a4fcb9e69b002c274503b8051efb05ec3208fe319be96ef000a91ee.jpg
125,Intérieur de cuisine,123,1814,976b476f97c5318694b6b106de0e122d1faeecc9be34b5fc25bc4fd96787d42f.jpg
126,Vierge avec l'Enfant et le petit saint Jean,110,1450,5e9c1126801151304d2c7ab35e1fba6345737b87249f638eb3f8618b469f2fbe.jpg
127,Daniel dans la fosse aux lions,31,1849,6699df0734507c257412e47b87b315bd9e89f1c85e90a254cd008350ac9c64c1.jpg
128,Michel-Ange dans son atelier,31,1850,aae0fd90a86c80b7e053c07d808ff78382115890d91484d855a88f30b5ab372c.jpg
130,Mariuccia,71,1841,f1b8769190f47e12112bf5b40d0d956d498a2214075219578579e5721ec50433.jpg
131,Mireille,72,1882,d125aacb7e0179bc39eabd3fb8c2cb743b34b878a26664ce6e07fe2464f84ea3.jpg
132,Saint Jean l'évangéliste à Patmos,73,1658,26020aacd75f2b1093d45c072ca1c6ac9c4fa9772546050c0b8e4a8d6db63878.jpg
133,Eve tentée par le serpent.,74,1834,a0be6adb95afdef6b84cbc84018ac86bb4e4ae2f7358ecba1fb6555da8951aea.jpg
134,Jeune-fille aux mains jointes,48,1780,d9fe114c7763378f493b84445e37deb4a9abcd3ea360f55531840850fe69f8de.jpg
135,Jeune-fille de dos,48,1775,37ac6941232794d525d0c6341c892127337d4a976bf2069c26622ff96922a1db.jpg
136,La prière du matin,48,1780,0e5b8aa3f6ad5c440a1e5c26689612d0cf7f3b091a54101e8bd64c18e1c28778.jpg
137,Une fillette,48,1750,9cff23faa5add93a84cc10b07e561f421b0c8e9ac74dbbd9fc1b38764bf9dfe8.jpg
138,Le petit mathématicien,48,1500,78682ba9e46657e5ce4baeb2df4e58720c3e503c72637d0c1a22b74c3afc8547.jpg
139,La jeune fille au panier,48,1775,6f05becbc7032caefd0d34e614a89e8b1feef3c755a572ef5fae50fe564dfa3e.jpg
140,Buste du paralytique,48,1773,cdbfb2392261c8bf230274c147bc77c0482803515f0a6fd27341912b085ce068.jpg
141,La Madeleine pénitente.,75,1637,250663d3d263fde2f57e089a1d86d1bd3af0c7d52da9aea08c69aee9645d7ef8.jpg
142,Portrait d'Elisabeth Denis,76,1922,25a266f49ec57f0c62d316d64aa4475dd9f2e64db2e288b3be57a8ea4ded24e3.jpg
143,"Les Arts, la Richesse, les Plaisirs et la Philosophie",77,1799,eb8b0bba20cc19187e5e094359808ff1c4f48caa02ab7dd2e05795a8c5822c15.jpg
144,Enée et Achate apparaissant à Didon,78,1616,2f1764fe1c4b46bf481d0c677a6183a07cbde3aafbf5898c72a4ebc7c8a9b3c9.jpg
145,Louis XIV se repose dans le sein de la gloire après la paix de Nimègue.,78,1681,9f95f2fdb322e042c05dd4c69c49049fa1952b6e121a4971385a7a2816f93952.jpg
146,Le bon samaritain,79,1723,5595e02c356f3b48d82e9f7edb422398eaf77016e5ab5a2f7726f8c8c6fe1919.jpg
147,Bélisaire demandant l’aumône,80,1776,4a85936ede9262ddf5a271b4e7241f4c592ca9ed7e8e7687ec9b7cd92bc06eb3.jpg
148,Alcibiade recevant les leçons de Socrate,80,1776,1ef289b018d98b58fa65a053a77bb95e882683a70bee69ef28f28feda53ebdbe.jpg
149,La mort de Caton,80,1771,b46c55800d1e4275f8e714211c62763b2ea68a8d398ad6424b8d127e2ca28193.jpg
150,Renaud et Armide,80,1787,0a961f2b4c9e94be4c61dd921e6048b159c7edd338e808e0480e8111930468d3.jpg
151,Suicide,62,1852,2c30010278137242c8f48f6fe8ff0bbddba758102a1c670c4a4444cc67e16206.jpg
152,Ma chambre en 1825,62,1825,391d0bcf66ee4d4d35e6fe0a74ea7a7f5904f8bdc96b74d198cb3756cda49d6a.jpg
153,Portrait de Bruyas,62,1852,196fb5a44d0dfc0d49a77633d9fc99703d31447ccdd65a7e965794d9d580dfc2.jpg
154,Portrait de Bruyas dans son intérieur,62,1852,57e59743c537f632cc6805ff5ff22e2b762601f3249d5690fff0f4543bd51728.jpg
155,Philoctète dans l'île de Lemnos,81,1822,a9949697dfd9cc73100af9622e2ba589d83c9cb28a507b8ef03152e8d8d595b3.jpg
156,la Colère d'Achille,82,1847,90adfbd32a855eea620cea1fdf4bfbcf6a686fdd244b645f8b5698f09b09f956.jpg
157,"Diomède roi de Thrace, tué par Hercule et dévoré par ses propres chevaux",83,1742,25c30d995386fa82c1be21a22a67f152915454acc10b97e72499c15ae2a77bb1.jpg
158,"Femme à mi-corps, couchée sur un divan",85,1829,434e349c07de719f01627e80f53f80ca8254fd90f5c91869bc824d3cad9f09f2.jpg
159,La mort d'Hippolyte,85,1825,a9fccdcd163de8b0530cdf85577d8e70a4ec192d45c0e0dc56110ae61399e688.jpg
160,"Énée, dans l'embrasement de Troie, voulant retourner au combat, est arrêté par sa femme Créuse",86,1785,ca62b9b5d64722b4a5b30c43887575bbef5c5856df7e072f1ce279690a565caa.jpg
161,La Charité,87,1540,76e210abae7e40236c3018541738a8429a5feb28c6fef42c2bf9616c39c42013.jpg
162,"Une mare, effet du soir après l'orage",88,1850,97dce797b80093132d899a0408ec26cb9089f142dd98ceb6fbb81311474fb54d.jpg
163,Jeune homme en cuirasse,89,1730,3c0ab053f88a60ad0143ad7458e603ee68bfe8b8796eacfca6cfbeaa819f506a.jpg
164,La mort de Charles IX,90,1834,fe24624067832c58898f432d507b44886a74ce6b2e00905d8b894d69612d91f6.jpg
165,Madone du Magnificat,91,1485,84e083e5d51bfa572233faf6b354c079f971676b2e371c161f123f2df60fd3c3.jpg
167,Portrait du peintre Frans Francken l'Ancien,197,1615,6581e8873f8b8124db5b645b906cd65d0be87ad23b9fbfac41e49807bb9057df.jpg
168,Allégorie de l'Autriche catholique attaquée par les protestants,197,1621,158d727bdf4bbc5aaa4a3732e675a62923222029710438ada0d803a8fc7acdc9.jpg
169,L'Homme à la pipe,32,1849,adbd2dde4a7f32ede4a223653b856359c3d139682b1b05ba2c93da14bd5b143c.jpg
170,Rixe de paysans,129,1620,34cc3b523be4fa0d4751f0d443939ee92e558360461696819b24a02b9986f7e3.jpg
171,Paysage au pont,198,1695,67424e7cae5cf47d4ccd20d08fcaf616351165d623843c445f99f974acaa1859.jpg
172,Un arracheur de dents,199,1655,07def7e1d2247e56008838ecdb3d35c3f6f2ec41a46e0ff26bd2554df87f395e.jpg
173,La Visitation,200,1510,289b8a57ecabf8f0055d697faa7481201659ab64700122d5689b58085f88352d.jpg
174,Portrait de femme,201,1667,f7d309f28d46dfa48d6fd093ff3a0852f1c3451dbb968ee9ee8bcb6d7e7ef688.jpg
175,Un port de mer.,202,1675,e6f25688639d44cd85e06a86e32c867823f4a3cc6ab7049e0d38de0fd430f882.jpg
176,Vénus et l'Amour,203,1570,b2bd9f8aa8cbe8b05f09920428f3f9dcf14b3db14e219461fb1d5271c1c32bed.jpg
177,La diseuse de bonne aventure,98,1657,a289cb24c1667ca08d54d9495802c6dbcedcf6c00cd94ed0deb5ad0852171e5c.jpg
178,Tabagie (Les amusements des matelots),98,1640,d62c938d28bcd44b14de3482dbf4f899a3a965b61019bc516bd710d90102a68c.jpg
179,Sous-bois avec papillons autour d'un chardon,204,1667,10653db516c15592f77a339c25b803350afbaed33bd4cc14ad94408bc22cc323.jpg
180,Le Petit Paresseux,48,1755,5140d45668b84a585eb4c0b8f79f869ccda66ec202e9ad77f00cb9faad601f61.jpg
181,Halte de cavaliers,205,1660,f81532164dc0ef2318a7ece566972a5d89cc54042028a191ee1b17f4ec44433c.jpg
182,Paysage avec ruines.,206,1666,c1763bcf002022b8ef142a4451f2c48f52a63e4d76512393b1f096703c8bf0cc.jpg
183,Marine : La petite flotte,207,1657,b0b4fe65b4ca8c77f761eae93bf944c95fc4154a20331ad9cb191daaa3448bc3.jpg
184,Thésée combattant le Minotaure,208,1874,d6619f8aa14da185b40139dd746914043b03963b090dfb10f4e718b78b237b0f.jpg
185,Madame Crozat,209,1741,d9545a7b64f8a1308b2d0dea0cc102c8112009379e825afc667803fcb2b68300.jpg
186,"Portrait d’homme, dit l’homme aux rubans noirs",52,1650,d55c7bf42ad225ae8f318202feaf35f5a28cf6596fcbe4cb3233a17c90f58b0f.jpg
187,Paysage au château,154,1660,a3c9abbdbb56db77b090fca230fb73be42ace11c1a7f966d4bf4835cd04d84e0.jpg
188,Vase de fleurs,210,1674,63a3796753eb3e1127610a45f652dd47e7052e9c7a1c06a42c17c7ecc455e755.jpg
189,Le Corsaire et le Juif,211,1660,0eb50c662315277aefae8041481e4dd2c4fe220f972f8b77e9cda0450dd184ac.jpg
190,Vue du port de Ripa Grande.,211,1670,f6ab3452753659f126d67312a2fff5c59c3363da4c055bef5aaba5f54d7a2f90.jpg
192,Ulysse et Néoptolème enlèvent à Philoctète l'arc et les flèches d'Héraclès,29,1800,bd802254cef80be4e5e57ebae95b53d6392f3480941a1b5ecb4c8f2cbac322a2.jpg
193,Vénus demande à Vulcain des armes pour son fils Énée,63,1732,7f9063955579085f70584cb62ab010776226f6d10c0c849ac1f38c8a0a12f31a.jpg
195,Q66664826,213,1685,a282f22120b81d642d816b64bec6519161a079f3f88a9066db83a80d9672d2a9.jpg
196,Paysage d'Italie,214,1650,183ab35758e6cb1e88a4771170c6b7d494a3e6739ee0ad5086b476038503959e.jpg
197,Paysage au muletier,215,1644,825ba9749963a11361cd69426968d7f43d485f341653942ec29c6d992c60e2ce.jpg
198,Gibier et armes de chasse,216,1700,e2b190e4e00d96707ded6e26b5438932e2555a8159c46691093e1b445e3f8c35.jpg
199,L'abreuvoir,217,1690,b182e7eb822c14dcade29906277878594521863bfb62171e6a45c917dbb7f687.jpg
200,Halte de cavaliers devant une hôtellerie,217,1690,1ae9ed60532a64af6feacca974aef535ccd25c1608923d30fc50e951b0848957.jpg
201,Une nourrice au jardin du Luxembourg,55,1872,2572cf36861a3b39031f5345473ab3e19d4d41c066f132d18163b3acee019299.jpg
202,l'Été,56,1879,e667139d340cf2b099f82013a7b5fb1c4ae3b835dcc75779c6181b5bc65768ed.jpg
203,Route dans la forêt de Compiègne,57,1914,72fae2556ce91ee725e9cff19640155d8a53c073b198852f48611d38bfd5cb5f.jpg
204,Louis XIV,27,1701,d2b73cc6519a3ae72f2f839e54e78c61771c951b90272ee3616a62a92ec26b9c.jpg
205,Nature morte au héron,1,1867,3f077474bb1da8d62e507a49541e28c9adc67e44a4840e9785c8c006fdea0a39.jpg
206,Portrait de M. Alphonse Tissié en cuirassier,1,1869,f021a2e400d02b55c180efe5cb28e63f7034ded24a02f246b5e45465a567987a.jpg
207,Ruth et Booz,1,1870,294b7a8247d1f4701f09d85e813773a4fa80a81f0e952fe47b0c171444bbf77c.jpg
208,"Dona Marioun, bonne vieille femme du peuple",58,1870,7214f50e2bd643079ca0a252dde15e1868bef547bcae458c02d8ad7df35e2400.jpg
209,Diane au bain,59,1721,882f71b3bedd0561c417e19841a8c47108ff8bf8badae151f22b2008ac4040b3.jpg
210,Offrande à Priape,59,1720,1245fff6ef6429159f08f90a221f808711faa9a1727fcf1dab839c26aac87e6f.jpg
211,Vestale portant le feu sacré,59,1728,7c78544a2320d3b631e7c0b04467579de1a9af67ae826224d0fc3ccf02ca3a14.jpg
212,La Danse,59,1728,05b4fd91e4520abf0c3a318eab709e49346356ab005ba2a4250896bf65e7260c.jpg
213,Le Retour de la chasse,59,1732,eba1006355385b4a9a96184628358822f978c6b0b0e11b0e3b70f8a1bf1d4506.jpg
214,La Chasse de Didon et Enée,59,1750,8ebd6f9b5abd53b03bfad6c03d8c04d4d094ecd61ae5739de1ab39370f17ee5c.jpg
215,Le Jugement de Salomon,59,1710,e01dffa49622edb9203b02820a3e89c607941f1491db398a7637cffc27c5f429.jpg
217,La Déploration du Christ,52,1650,1ee35078e1898a965723274feb70fe7f120c679fbe11ef0b4cfc0349a6aec17c.jpg
218,L'Invention du corps d'une sainte,52,1660,6ebd81046e786fcbc26c01b0ef82d4e2332c9aeef70962fdec799ccb6c77d676.jpg
219,"Saint Grégoire Le Grand, pape",60,1766,fa8defdbf2aae8614488177df8057319a2731c79c6df777135b0385ad22e0f90.jpg
220,Portrait de Madame Vien,60,1760,5c4732a0134c3c108830cb4146153551496392227b0d77511c48271826da726f.jpg
221,Saint Jean-Baptiste,60,1746,67b7a1eb42c240d1a378aa0acd683e8fb7552b5469051e032f800614c131dbc7.jpg
222,Vieillard endormi,60,1754,8f13d0e6308bfe74903841e5ebb2922068fa0fc1f4e662576ce2f041e38c1c10.jpg
223,La famille de Coriolan venant le fléchir et le détourner d'assiéger Rome,60,1771,f99fbf3109143b74f6a1b584d0467ef576719b9d1e7166fbf5815b8659f435fb.jpg
224,Le déjeuner du prolétaire,54,1860,2857188cd1bed2af923d91fdcb673f07336d96745473982d1292aae0aead748a.jpg
225,Tête d'étude,54,1850,c4975ace33fbf02a26ec6770c7280e83c9b7023232797fbb15b435504f06b737.jpg
226,"Le goûter champêtre, souvenir des Pyrénées",61,1851,247e3edf75685e1233118693ae1fbff2575482252fa4297064efcd8ca0cbd51e.jpg
227,Intérieur du Cabinet de Bruyas,61,1848,a54bf0fac30fa606131ecf7b937f964c96c2a552b24dd72423e84864f18784a9.jpg
228,Bacchus et Érigone,62,1845,d6516ab3aea3491c0c20f1cc28545909487f6ca97aa748adf4e2444e8ae454e8.jpg
229,Autoportrait de l'artiste,62,1854,e3f2e13679d04e70c113c843f9c877ad61efd5580f59fdfb202901664b76af05.jpg
230,Clovis à la bataille de Tolbiac,62,1836,b880d6e7386343f7f38cc4204538946b59dd4fc4939982146a5ce9c909abe71a.jpg
231,Jeune femme en Sibylle d'après Guido Reni,63,1730,d2354ecad18ea3edf78e165d1eb98733be22b7e3c97b10162ecd2e0260f051de.jpg
232,Émigration pendant le choléra à Marseille,64,1850,2b7123bf5be62481c0ff96492cf6fa32739b0346a73bd582fd2d0f9222c98375.jpg
233,Les garrigues du pic Saint-Loup,65,1859,91545cf613c9cd9326bd25057559a0a2b771d65099b6840ac69338b48bbf3411.jpg
234,"Paysage, les bords du Vidourle",65,1880,0fab3203c6199263a7714914dc18d7efcf0b346a4b289c077a5a2fc794a3f6c2.jpg
235,"Portrait de la marquise de Castries, née Isabeau de Bonzi",66,1666,b73011f3c356c1fb0d39945896320636a0d8a82d3ed5b5824a8943c834008943.jpg
236,Portrait d'Edmond Rouët,67,1839,16c3560c3d109c42dfdbd1aea8e2bfd4acc6b60e6f770965f1ae8f2fc9dcbbc1.jpg
237,Marguerite de Bourgogne écoutant Buridan,67,1844,61da2f00dbf00c1db27fe41afff2d77d5b0cfae91d33b9438aa678f9e761a204.jpg
238,Marguerite de Bourgogne assise,67,1844,988c37ee2ae1917c7e9d655b20791e9067c684ce080cabdd0b76c3fb48dbfe59.jpg
239,Portrait de la première femme de Matet,68,1850,ce8bdcc86efc5b2c8b638ace9abfee7876b48539b07b827c87f97c1af614c7be.jpg
240,Portrait de l'auteur,68,1832,ea5ac662f34a5f07487f23cf442c792d3bb14fc324dd9cb72df0b4c7ae9e615c.jpg
241,Portrait d'un prêtre,68,1850,d140650687cc13eb86a8cbb3d2cb43e6c88b0e97a19f2a81f255a546fb27a07a.jpg
242,La main d'Alfred Bruyas,68,1846,7b5ade248b155a6958ab0de1cb5a596d7fc635428fe2d5d02bd25539e8e7d878.jpg
243,"Adolf Johan de Pfalz, comte palatin",52,1652,5246912f65d0831ce9bdc04bbbe0fdaae28fe87b61283dd88ed5e1c0132a90d7.jpg
244,Une ferme aux environs de Pau,218,1815,8fd3004a89daf439ae9ef4700b821b0fc76a64bde067e4215a44ab9e8e1d1771.jpg
245,Portrait de Louis-François Bertin,29,1803,003293d0951aec975e829eca2040b002b89aa0807f491a2571aa0e2caf349b17.jpg
246,Portrait de Geneviève Aimée Victoire Bertin,29,1802,974ffc24a4874c417f409f429da4703d02ff2d07b8f6f6baaaf3adf7539aadff.jpg
247,Le Cardinal de Richelieu reçoit les premiers Académiciens qui lui présentent les statuts de l'Académie,219,1833,473718fcb1b63608603dfd21fad578f8cfe5ee4eacef46db055c15b8b28e413d.jpg
248,La poule blanche,195,1660,51e9b91d55b965d2e2aa04f9edf7861302552ef509a7a48596dc70818fac2a1e.jpg
249,Paysage avec des chasseurs,196,1660,bfb95b25d365bbbdcc5a7ee50cdec8b1d557f85c6ecb022da5bfb0be6469984b.jpg
250,Chasse au sanglier,220,1675,18a6a0d9f360bef175e3100a9aaff0a79de8c9dd0b322eeb8564ad72002845f1.jpg
251,Vue de la grotte des sirènes à Tivoli,221,1812,3e539b9eec9e735bd62fc0fe83fc0a1ac676f2d0ed1bb13c1667fdaf56e56a8a.jpg
252,Moïse sur le mont Sinaï,222,1640,389dbb945d5451a9726f77de4c7682f176864d83f58bf97979c2b72ae5fe85a7.jpg
253,Céphale et Procris — Paysage,223,1675,ad8085da16fc91602dbf8ce69824e581515fba1106ce75717325d12586eff0b7.jpg
254,Etude pour L'Apothéose d'Homère,124,1827,5483104f506c591a5b9a9d3b27218d44b9c68988c0a86379d44a56feb37b59d3.jpg
255,Paysage au mendiant,224,1730,e477138917553c773e95c637d0cc858fdc10c697b89c0acaa272f4ad6963b7de.jpg
256,Sainte Famille avec Saint Jean-Baptiste.,225,1633,80cb7860307b1153b61dd7cbc5d7e7439d91d7d19c3a37e0f2ccd448b26c427b.jpg
257,Madeleine expirant,62,1857,e4ad944b7656de3a93d32cc8fd01f8f954a739f7149a23881792bc6c43cb2c9f.jpg
258,Danaé,226,1827,d1cdb5c4b6a2f6a9db8002fc63e56d9542f1c552861ca6084892015f0f7c99a7.jpg
259,Saint Jérôme écrivant,227,1620,ac42929495c26c48e2567b4bb9f4de63c9ee85deae7088a859d98375461bb649.jpg
260,Nezla d'Ouargla : à la recherche d'un campement,228,1859,6afddf98e3389d43bcd7e378319130e484585273509c69669ffdde54c21e3075.jpg
261,"Vue des bords de la Seine sous le Château Gaillard, aux Andelys lieu de naissance",229,1834,216b019d33debac0bd8f2eebe0c5e0e6f0f94bbcd6eef30f3a1eb62c50844a0e.jpg
262,Portrait de Jean Bestieu,230,1824,6c7f8ad730f785876b1c214733f4cf37a5fd944289d08e36798f6f19fe073c09.jpg
263,Le Baptême du Christ,231,1635,3b801e0b4bf8b80f670dac5e0f51ba224f8b6b50fca6ece8f7b230e4a45f277e.jpg
264,"Paysage historique, site d'Italie",232,1843,48024deb890adf1ba6f43bdee067fd8df5284ca9faaed0b1618f829b2ea27082.jpg
265,"Le soir après l'orage, environs de Montpellier",233,1874,2db4b4bbb9400a31f6031103b5c9e99d69a0ed929c261c751c6d2d428b6ca3c9.jpg
266,Souvenir de Gustave Courbet,234,1870,6af0ef51546027056f85b871296b9c8092dcec9a52028ee3741354a3cbe78cae.jpg
267,Montaigne visitant Le Tasse en prison,172,1820,82ea6941d7da56107d744a8ad3c7f8bc330287155d009592f286a9a4a3d15c51.jpg
268,Nyssia,235,1848,814b3c52cea496bf3b7a0df2b71c6e07326a6e97175c767bc982b626a6d63b80.jpg
269,La Voiture d'enfant,236,1877,d0175c42f10c257fa7dc5ff019b2d362247ca66e426a13825aa6cbaca5b65a5c.jpg
270,la Résurrection du Christ,237,1454,5a705e409850d44475bc8181720bab6ff5cd9e01c33c7a4ecc11517211c3b33f.jpg
271,Le Passage du gué,238,1819,135db7c89f2227356e5faa3ce38f80196194e663043234481833494366b754ee.jpg
272,Sémiramis chassant le lion aux portes de Babylone,239,1597,5eed5528f07dcb87f141376a942a8b2f4328e1e5c558cd856be2ba18d3459a8d.jpg
273,L'alchimiste,240,1658,fb0c4e8253726ca568a66f45f78b146306211fd41aa4f2b6484b2a68c199bb3c.jpg
274,Paysage aux baigneurs,241,1656,16ba7e6a684ecbe38c090f27d87164e3eacecfda8096e5d89df53f6f68bc16c4.jpg
276,Portrait de Lorenzo de Medicis,243,1550,03260912a47e9b9c645f369cfd0fc9496d2f3d1fee6fd38b3d4ecc024f80ad4a.jpg
277,Portrait d'une dame,244,1880,c1dd064775d3e567fb1bafd2f505818e97051db7e8f66574f2968659c5c0f4da.jpg
278,Martyr de sainte Agathe,245,1637,0664942f96e9e6a60a7726ba494fd2397e16a9448ce54dba9efdc3d20e33e209.jpg
279,Tullie faisant passer son char sur le corps de son père.,246,1735,b196b40f035da7d550fe002793bf4feaaf2065634a4c2072be6a79672ea47e63.jpg
280,Les Noces de Cana,247,1646,0fd3308b433827274d8196f54e4573922561aa37fe27a419cdd6f1dd000af1f0.jpg
281,Intérieur rustique.,248,1639,024e0f35c2c840909e640024c32929bce9f61a83116f22be8724b19bd62c73c1.jpg
282,La Mosquée bleue à Tauris en Perse,54,1872,091170306834b800e49f4349d9f50aaec5b48aaf0b568c16844aeeb524e76954.jpg
283,"Paysage, souvenir d'Asie Mineure",54,1859,2013c57e88009dbae84a20b7ab2a0b325396c29a63a406c388268bad2e12876b.jpg
284,"Le Chemin des Sables à Fontainebleau, effet d'orage",54,1869,82fd0af0aad1bce96b26dffab1f7e148a4863cfb99c4725dcbd3ddbbde31cffe.jpg
285,Bergers et Troupeau,249,1677,a5bffafaceddb6f7105f57109efed69aa3bd1fd34e89958e08b48a898c702920.jpg
286,Les Fagots,249,1670,bc56fb1af44430ee5c6cd90aed35ec47f79d058527a3e5525daeeaa7dcace568.jpg
287,L'Enfileuse de perles,250,1658,3eda3c0e4a71b1706a59aadcf0d828af63d22da51be2362351bbfbc2661bb1cf.jpg
288,Une femme de l'ilot de Schokland,251,1855,8041e4aadee9fa83f7e764a43dfb29f56aeeb4c2de7c14a7b01d0aea17226033.jpg
289,Q57596285,252,1671,dd4d90d0c9a15c96f7b4959194e9061bc7925a9541c216b58de4b9acccf30bba.jpg
290,Portrait d'homme (autoportrait?),253,1630,161ce78f9ca498cbaa6f8f83a3cd02f9e9d8082a539cdad6ad10a73451ada633.jpg
291,La Vierge et l'Enfant,36,1645,8af4dbf72f84b1c4065d8cd7b51be313517ffb7c1b6e4c8c304d3fcb25a15f22.jpg
292,Portrait d'un jeune prince,254,1575,e905e796c71e4b15391f01905194b87ce2b4e717ed84491adaf8ef9eeb2dcd36.jpg
293,Massacre des habitants d'Hippone,255,1593,de0563aa261cc21ec9cecb20d81f2e78c61080dbf01328894d2b419d84f425c0.jpg
294,Promenade d'une famille dans les environs de Paris,256,1900,9aeb5416101c499fa41aa27aa11f7b62b6fe4ca8ac78d29ee195c591627c6998.jpg
295,Porttrait de Abraham Fontanel,257,1779,a66d212feba130894516b6eef1c14e13a6b4bea6b171df438df91b7006495c80.jpg
296,Mise au tombeau du Christ,258,1560,768383f0cf4da1c2f8ca3727d2ab93106770eefdd4c57137eac6d4e70b7b96aa.jpg
297,Judith et Holoferne,259,1650,228e99d6e5a03d992afa08e6a77834a84847c589fa90e64b9be5f91157e44879.jpg
298,Le Rédempteur enfant,260,1685,be3c45744d5b4559052db5a43a59659c18bd8d95f21f0caaabb588d643a19601.jpg
299,Paysage aux pèlerins d'Emmaüs,261,1624,b508dfcb84b7948807112e085b88e8fd0402bbf20ddd37d4276f20c10ff5577e.jpg
300,Etudes d'un ours brun,262,1671,9098b996e951a45085a56f574353c6d6ff1effe89056f901bb6ae3a118fcae3d.jpg
301,Naissance de la Vierge (esquisse).,86,1778,d81da0247fb5fe1e17d3b8a1b7b76e6ad0a2da4cbc07676ac0b4a5555fa2fcae.jpg
302,Saint Claude et saint Barthélémy intercédant auprès de la Vierge et de l’Enfant en faveur des Pénitents bleus,263,1746,8f9e98e93cb6169bf057b15427ed1439b81a927e7f97ba8172c17b54ca85044b.jpg
303,"Jardin en fleurs, à Sainte-Adresse",39,1866,bd714aa763b2349a735323d08642030e79c6b3052c190ba7e6f75d1b9dd958a1.jpg
304,Trophée de chasse,39,1862,3925727ae8b1595c3622db54edc7b60d6d4d579b57505f0a14ad0e7f6f7db51c.jpg
305,Exercices militaires des Marocains,31,1847,56bcd87c93a877f05005d10360378c333a33e612d81ababf41fd028b90265da6.jpg
306,Portrait d'Henri Carlier,40,1906,011716121cf8870ab1c935ff7f3b7cee7a163348e752a4a1afcd7e86229a045a.jpg
307,"La Rencontre, ou Bonjour Monsieur Courbet",32,1854,b903aeb338d66db83b2ff224ec3b818ff6f80ba287af9f5a5a4213bcb2380996.jpg
308,Les Baigneuses,32,1853,bbd73eaf3843085bdae129c49158bf47a76b432e414f1cb5aaf7f3e51643310e.jpg
309,Le Bord de mer à Palavas,32,1854,71e2402c194546edf1b00c7f0ea2c51d79dd951a5790259e38bf18abf0de700a.jpg
310,Portrait de Charles Baudelaire,32,1848,cee358b580eb4e8b0e58e56bef1107ea7a4fdbea6201ae4b8aaeb519403cacda.jpg
311,La Fileuse endormie,32,1853,108c832d66ee90110cc168b2c3592fcdefe25be761b5f2db42955a4fb370ef8a.jpg
312,Autoportrait dit au col rayé,32,1854,217a24049a95fc73da5ba6e08a1719928dcd6c4cfa4edce049dd1f9bf8c10d97.jpg
313,"Portrait d'Antonin Proust, Ministre des Beaux-Arts",41,1870,5329c2260c1cbca84e16000a27875df3d5d31b67a7cf928f7b1b3ec0324bd820.jpg
314,Paysage avec Vénus et Adonis,33,1625,764e1c9afecf520a849e7f8ff63cd0aa55b47c1ff7a95a80ed4eeb8bb171f21a.jpg
315,Corrida course de taureaux,42,1949,c1cfa5ac5c5454237ffc98fd1f9797b21a4184c0a580c9c92714985acc23d6ab.jpg
316,Portrait du médecin Alphonse Leroy,35,1783,5ed01af343f7baccf329409dc14ca9c2354acef8d65b67157bdea3a365b47ff8.jpg
317,Portrait de Philippe-Laurent de Joubert,35,1790,4b90b4552f188c921510a4facac22faeb2a2807d3329aae23e73606e76c1f7aa.jpg
318,Le Héron aux ailes déployées,43,1865,1512ef993b5dabdae66a2660bd6dac6eed139ba439711ada32f87e0380eee1fd.jpg
320,Atelier de la rue Furstenberg,1,1865,7186b2d00e99e49932d47f3d1c523edc96ed24f5adee3d27275927185a36ddb2.jpg
321,La Toilette,1,1870,055aba3343d17a821c4627a471eb877e4234d72ca812e8a78739cddb0775bca1.jpg
322,Jeune femme aux pivoines,1,1870,1be38e8f51635b7a2486f08893e54180e7d7b55ee2ef17f9f6abbb0be69a8429.jpg
323,Sainte Agathe,44,1630,7ce8b20a7fc76d75aeb438ad3b5770b34173ac875a84128ea876ee20d96c917a.jpg
324,L'Ange Gabriel,44,1630,4223b8d5d0fc74209abce36ff7af2bf2b87e86ae57ff83d7a4722b3d59f7530f.jpg
325,Cascade dans un bois de chênes,45,1660,cfb52024e2da39a646f51a3c94e478235eefad54ebbf84a57b3280405a4c162f.jpg
326,Paysage par temps d'orage,45,1649,65496b8516ae6054e151fd06a424c60eae3be2fcfa80c8c7d7be7a041dba1940.jpg
327,Sainte Marie l'Égyptienne,46,1641,ca763cd1c55ee1824a0453d1e9c955c110175daa8ddddd6410392be47af02072.jpg
328,Vénus victorieuse,28,1875,9a051b2626ff5c3dfe3a740ec12e1c69cd49285667ddc42f76931eed31db27be.jpg
329,Phèdre,28,1880,5733bd157867fadbda859f33fb42dfd3a22b71d673dd6474aef563876edb2309.jpg
330,Les abords d'une foire,47,1774,2c5517625f54970e70ffb586c9dc51f75dee8a410c78bf5cd758868534daa7ae.jpg
331,"Marine, temps calme",47,1745,c633da90841f869aad62e603cd747cb67be665ad6426b8b47602d4d95a423d4a.jpg
332,Le Gâteau des rois,48,1774,864fe7efef72f04ef3c18a695f298736ace5d1a3b869c39366b1bf2c7b421363.jpg
333,La marchande de harengs,49,1660,1eee8fc0cc5f6df987bc2f4abedf67a0ba91742cd0729785e8e6feefbadc3781.jpg
334,Les Cavaliers,50,1913,9b69c02dec3037084aaf817045127f67d7fe596d51728424424395b72be05f7c.jpg
335,Chasse au lion,51,1640,9656dd4c7dea3bd5266fe7ba49434f31d94e47aae41114c5daa668548ba9582e.jpg
336,L'Osteria au fumeur de pipe,52,1650,df0f2384dabc6fcf8e9a04141d764fac9bba5295029a73d79bac5732a1427c4c.jpg
337,Vénus couchée,53,1820,879737d842d13507e1109a664f662484eece47a175e7d72080c47ac84f527e7e.jpg
338,Les Étangs à Palavas,32,1857,bc1e2b5998b4b49ac18335e9a79b5757b2c9cdb15bfada98035e0ce90249390d.jpg
339,Baigneuses près d'une cascade en montagne,143,1770,e8e4280c6107110fc3ada89162ebc822bfe27066d522b202d65118d2d66f6f30.jpg
340,"Portrait de Henry Edward Stuart, cardinal duc d'Yorck",144,1756,e0ee9e0871b53f62a06beefe8605df5d9215314e172ace2124cdcef43d4bb6e7.jpg
341,L'enfant Samuel,145,1776,101390b05f26208cf25f10d6b950a99e710eac0a29cf4b090efd563138cecde5.jpg
342,Vue de Florence et de l'Arno,146,1792,80f4d1d3ac6d8b8da5c221acc06975cb455b3d273fb66c036ebfb29672ec9db4.jpg
343,Le chanteur,147,1715,dab7bd3b50d9b6a39cbc1a3b184897f182758a1aff676b4dc56a263c9e681ee5.jpg
344,Saint Laurent,148,1605,bf26391cc74cbeb7b53acaf73614e2eabeaef3ea7e4263ed8442b1d98b466618.jpg
345,La pêche aux aloses,149,1835,995d3670cea6932d10909337bbc3dc94f422158647f50340b8d40dcf6f23b49d.jpg
346,Saint-Jean-Baptiste,150,1661,20396a7c481b6729aa5e19b0b87a429e475f3b490751ff77a60e2e8bf4b0dd63.jpg
347,Saint François d'Assise en méditation,150,1619,09fefc02af0534dda8fe550ebdbf437285910b84864e17fe5ab85e07eff83028.jpg
348,Brigand de la campagne de Rome,151,1823,accc6c36d8054c8f68a1b9114d8f6f011a6a59570087a9589313af374218f21b.jpg
349,Aristote et Phyllis,152,1690,dbd54ee799de7a477d3d181bec9853e6986e88f29ba618be704593c4e09294db.jpg
350,Le temple de Sibylle à Tivoli,153,1760,28af60c04719c7805c98f5ce67533f36f7726ec6d8506ea97ea4266273502aa1.jpg
351,Le Couronnement d'épines,153,1757,aac9e77e43d8b25f2a4bae7bb297bba4df74af508cc67a9098480a0ac6dd1534.jpg
352,"Paysage, Deux ermites à l'entrée d'une grotte",153,1770,e407067a6c450790a240fb37b46847735ba381cf63e45448e67cda9b1ab444ac.jpg
353,"Paysage et rochers, un ermite se repose à l'entrée d'une grotte",153,1770,d7863c1e231dbeb643b49c55947054f18e296fd23236647111ae360a293e66d1.jpg
354,Paysage: Plaine de Rome,154,1700,87f8f8558583bce67ca34ccfcc3c4b3647f598dfc7f5b9e3dc5783b8ede5a1ec.jpg
355,Jeune femme à sa toilette,155,1824,9f956ac75533fb221e7fc0d78795f89ec92ef6cf9cba03ab31f4bbdad0eda349.jpg
356,Portrait de lady Charlemont en Psyché,29,1796,c260936d33871022bc720d63bb6db13ffdde2d46394ec47c7d87e45afe0a2c8b.jpg
357,Ulysse et Néoptolème enlevant à Philoctète les flèches d'Hercule (esquisse),29,1800,9abe3bdc40f7e014388bfc828a789591f2f4d48e93f11b0637fcadf5bfbb1022.jpg
358,Le retour d'Ulysse,29,1799,4bb4d77e85213725ab1ca90d3290a1d62fa3afcb6cf749bc2efda5d656383a5e.jpg
359,Portrait du cardinal Jules Rospigliosi,156,1665,b0343c944d0d1ca38ac0e6c4c7948cfba47993912c421dc9ae1a5126c56bb9a6.jpg
360,Portrait d'homme,157,1665,d346d1b6f2d1d875826104a85da2d84afb0093464c9d9e9f496326c472d610d4.jpg
361,La Samaritaine,158,1700,4327cc0b9458707f57d1d5b64b9b22bc05ea7728f3756b250a2e359882d87461.jpg
362,Vue sur la vallée de l'Arno à Florence,139,1795,a60c5e0b521a4a2a480bf958da25622d9d7afd2af5a9c45877049e86e1bd0441.jpg
363,Vue prise dans les Apennins sur le sommet du mont Lavernia,159,1836,cfbde2c29b98b5c525afe3f2965b54dcd09e7ba38f30513a53f822860a85b04e.jpg
364,Fleurs sur une table de marbre,160,1833,6d0742e1a8bc2ebb1e49cb7d8c5a664f60195e070573f18c0e604090191a5107.jpg
365,L'Assomption de la Vierge,161,1700,af114a84b735c8f473a5c9e7b7dfbb31fe05573fe676424fb97aa16cd83abe1f.jpg
366,Paysage montagneux,162,1660,83eba1c98d2476aa8c8cff0554801588aeb61792775fc24c1f92c7527fe99ab4.jpg
368,Paysage historique,164,1660,fb5b5f17a5ce5273a9b43fc5b364807dd0133a6136762bfa51279a2842554975.jpg
369,La Naissance de Bacchus,165,1660,803c690fd3fb0d2a6c690313ff1f5687b489e47e6ae33fce9d7e8ffb9d012845.jpg
370,Paysage avec ville,166,1660,19d2ff44edf12a420bd253b2681aeb9f422cf804d5a0fbb15b77783797f6893a.jpg
371,Paysage orné de belles fabriques,167,1660,3dc0e1ec3000cde17467f30bd71585dd61a6ff90760eb85bce0414d01d62105d.jpg
372,Les Remparts d'Aigues-Mortes,1,1867,4279f6ed1e7a9382975517e64103803aa717d704fb9932af104f4756a8994218.jpg
373,Paysage avec Callisto,128,1639,b0149a0fe3647062c7f1efad7a082943dd12b774edba8fdd6edf5c545d56e804.jpg
374,Tête de Lansquenet,129,1608,8cce56099ac1ba34775e799659f530ff46f313f27118e8dfa6e54bf0cc881494.jpg
375,L'Ange déchu,28,1847,9eabd2746489b30b525f60c9deb22eacad4dadafac4ba669affc5c043d689911.jpg
376,La Chiaruccia,28,1848,f8a266844513fa5d6a78b8206f2da802f6e01d7bb26b11cb04bc864132cf84d7.jpg
377,Paysage avec animaux,130,1835,21fcea6e4fe9cd2968d9cca517a703b4fd96e9ad7143c3f4e9e6e6cfb515bc30.jpg
378,Portrait de la vénérable Baptistine Vernazza,131,1739,9f975a8e4fd6ba79d9e823e4f85e20f4502a241b7c8df008d7a78ca43f759422.jpg
379,L'Ange et l'enfant,62,1850,e79c0dfd0c876aaedf4784001f1911feccd215e499378a129fcfd8c37d2ccce5.jpg
380,Ciel et enfer,62,1850,5df5fe245e5fca4cb893f6765c6e486e6de61e3f7d88245e95dff6a5547bcf9f.jpg
381,Atelier du peintre,62,1853,56123bf2d262af44321058023395fc08de9ac05359551d514198dfe98ec33709.jpg
382,L'Abandonnée,62,1852,4434c3465b2e2d29544df03ec41854ff3948d978fe0e7b85e278bd59fce5b0ac.jpg
383,Le Retour au village (l'Enfant Prodigue),62,1852,a81e0cccb473818c2b8274191b2608cb5bf8384e357395d09edf517d1cb9e60b.jpg
384,Agésilas jouant avec ses enfants,132,1779,d0297059f7b53094faf4662bf0bc1081f65c5d57092cc4725803a53d8794bc15.jpg
385,"Cornélie, mère des Gracques",132,1779,180d60cba2d8f9b7fbe33126479af195de736a92767dc26943db9b2d710545da.jpg
386,"Marine, plage avec figures",133,1830,47dcadcdb1c6e093707dc617979aabaf849121019c7a1c0a7aff12e6817693cb.jpg
387,La Diseuse de bonne aventure,134,1815,fc63763cb32e387abb8bada48ef9f0bed566075a08ef64c3649ad24b0d160229.jpg
388,"Le Meunier, son fils et l'âne",134,1828,595014f113eb536bd8f8a57e754c6627fd9bce0fb6e5f38cceca7d1de90b1256.jpg
389,Scène de famille italienne,134,1828,14857c010270cca9243c9006038569c08ddfd3d45e3111598d65fe8152657006.jpg
390,"Le Meunier, son fils et l’âne",134,1819,43d98f108d7d1bd9a805dbfeafb095a8a810701efedc2717cc59fa25018dcf0b.jpg
391,Le buveur et sa famille,135,1799,63e7627ff24008971abad7898a4755bef70f9912fd57dc3ca7b66db90f0cea7b.jpg
392,"Louis XVI, Marie-Antoinette et le Dauphin se réfugiant à l'Assemblée législative",85,1834,6542780e02d503c3c37553cdb57647abc53fcf8bbf4b0c6cf3eb755cbc18806b.jpg
393,La Lamentation sur le Christ mort,136,1610,5197e580352eaad9cf65073a10d72e0cc6fc102ddb1bf08859d7c0c373ab74a0.jpg
394,"Nature morte : Fleurs, fruits et objets d'art",137,1665,809e9f79909df0a00f301cc150eb52d3d6b3d103926cad2a3b1da3139907ad8e.jpg
395,Le lac de Neufchâtel,138,1850,3dc33afa471ad2401df7d278bc1e37e651f62e0808cb221458ed16a508a05cc8.jpg
396,Onze réductions de portraits,139,1795,2a7b03211bd1d2eec57390d71aa6f8f8d5ace98bebc7ae81995cc5cb51aa1749.jpg
397,Portrait d'Antoine Valedau,140,1809,96e6d35a692ddf69a87054c57110d97e0c8f148e631b3906db1cc89067feb172.jpg
398,La Marchande de poissons,123,1814,45edfc3394777b4c77a32d47397a975684322a44b19ac38c393dff08fdb04c33.jpg
399,Mère préparant un repas de poissons et jouant avec son enfant,123,1814,0dcb052af19942221fa9c96dd297f8d8271cabdc543f73a3919e7d69d0970977.jpg
400,Bélisaire demandant l'aumône,141,1782,624a80869de4829989a1e33d81c2908252452b0dd6716306b3fe1ec771c9e0e1.jpg
401,L'Oiseau volé,142,1795,85bf8979b2b38de097416401a6ba7bb36447e1e275baefd1a1ef33deaede489b.jpg
403,Nature morte portugaise,40,1915,1e7cfa0959d5252287fbd7714331cd29b3bfa8eb30c80247f39522c3b75e03da.jpg
404,Solitude,32,1866,26763a15a0c8567868d0edf0286cf3f87be5ff660fbd4ede3857669781008376.jpg
405,Jésus-Christ guérissant des malades au bord du lac de Génézareth,94,1705,ae224c685a0da35ceca683d29e2026c0a1831db0985c028a76c460df574b6721.jpg
406,La pêche à l’épervier,95,1847,0e52ac9410f6ffab3af4e813ef1e6cf18467ddf6a03e91dfb1f214eb262a0961.jpg
409,La Lutte,96,1889,940bf0030b2058864e112f91bd8d20b240e404be4394f5390a09e4cdf4e0df1d.jpg
410,Guirlande de fleurs avec l'apparition de la Vierge-à-l'Enfant à St Léopold,97,1647,1dc1a06ce05882958895aa4baca596b24f59d2a7d08065268a1ea831876ad647.jpg
411,La kermesse de la Saint-Georges,98,1645,d740bddac006ddef82f066259150618eb342cd57567dacfeb3fa0aeb2e7d02ff.jpg
412,"Tabagie - ""L'homme au chapeau blanc""",98,1644,af4f64dd6411df6fba555837d0a212a4f7405e6a8de9a5b45c5e2f181a0a87ed.jpg
413,La Souricière,99,1640,234e007b25e07b403524923575877228f3835e98dac33ecf3c32bc93ceceb2fb.jpg
414,Jeune Hollandaise versant à boire,100,1650,8349e7b07a94f74988c17f971cbbf28aee737568a9d0c32cd04f9819d9b34df3.jpg
415,Q55310268,100,1675,18721ff70350909e86d620f205916e66dfbc2ccde195f1fdba3f32a7ef8c9a3a.jpg
416,Q29861053,49,1659,cc7ddd0ca92921f7c113a381b44665203d9f79e1162d744090f91f4e549e2221.jpg
417,Trois vaches au pâturage,101,1648,4bb65d4ce086038dfe6a0d5adbd9de16be4eb9da899d3965d74a4777234a2ecc.jpg
418,Place devant un couvent,102,1660,d8da4f2f49dd673d95d04ca63cf2299d8aa61898fdd3585ce62d3bc7d358c3c8.jpg
419,Une Femme,103,1637,957b834cb100f59a86e7f04168f2b4a5d062ccd60de22c07a74397eaae85d124.jpg
420,"Philippe de Vendôme, grand prieur de France",59,1724,f57683d6951056b9972601f2d9ba21325b567a9710b98aa67c0929e810bcd0c1.jpg
421,Marché aux chevaux,104,1661,57bef3b73f04e4a98a822c8e9658717a7c1038e61e657a50557bb96ff9a77197.jpg
422,Le coup de l'étrier,104,1661,4602df2021dddbf01bac773f344b7568bca56bbde8f14482c3112df6bf4ab5df.jpg
423,Marche d'armée,104,1661,9c75a690b5fd3b51af4b48501b26536ea5b13a95b08da17fce323e2ec6be1d9b.jpg
424,Ramasseurs de bois morts,104,1653,6d4ac23bb383849e7fc359af2599f10f5193f7849c0d781143857ec557804b87.jpg
425,Coucher de soleil sous le Bosphore,105,1893,bf62f5be0c173cdb1180cac1e7c7a880ac5b8920719c886726e191d8b7c65137.jpg
426,Nature morte aux fruits,107,1735,82b56d161b7d31cd5b3a9d527f1a10848df330f368b849ca3f75667dce451405.jpg
427,Bouquet de fleurs,107,1735,dbc20303cbeb738854f5a75e13a964520aa7ec9f5a9695085856109ddbeae2c4.jpg
428,église Saint Bavon,108,1690,25a6ab7ab6a23517a2121987a88977d62e01be5012effc5d6367f03343d33bd1.jpg
429,Scène de l'ancien testament.,109,1648,eefdf10c85a0413cd98d4ade6d6ce7eef4ddba5cbc231547518cee126cec3462.jpg
430,La source purgative.,265,1647,41905be882d0ed1ca1cbac90da5cbbd23ff7e606891e1e201cc445bcd139c925.jpg
431,Un Homme,266,1630,76951063d4f804fb10eb930641c26f3d7a056f1bb8c2fb07da25ea0c529e875e.jpg
432,Deux muletiers à l'auberge.,267,1658,7502374f129dbd9fd41088adeaa5855e1cd23ca87fb749c94b2030c71a7cb2a6.jpg
433,La famille Fabrège,61,1864,a5ca2fcbe6f4246d1c6c5beabd0a57ee5c33136934d3892ac121c958e674f60e.jpg
434,Portrait de Bazille,39,1864,959e926f089bfb521663f3649b8471223d9b69a1fcea5f6d79b316f9b9b98936.jpg
435,"Étude pour ""Jésus au milieu des docteurs""",124,1862,f50ca6a33d59f6d33d8eeb5a4cb57dd4b8bf0be7d99b6ceae32cc992b71f2159.jpg
437,Michel-Ange et son génie,31,1853,12678ae09cf42864e8b63b216d6794234cbb01d99b397ac2130a4d926fc3d72e.jpg
438,Le pont d'Ambrussum,32,1857,5a3855134bad56f7f36c54a44e736b8027e9a329a197639d1cc7d0587102799d.jpg
439,Portrait de Jean VIII César Rousseau de La Parisière,34,1711,22625516fe5858b5916f4c98be036da03ceaa1f1a7d51210d8627ae9cc4c12aa.jpg
440,Étude de mains et d'un col de dentelles,34,1719,ecc258ec91d11739bcc856d48d220d1a77d23ddd2503beaf197a57c0e2d53ed2.jpg
441,Le Jeu de la palette,126,1760,b5f6f67e10f96f27d7e3e8e04945d1e25405769cba974fd45fb335c3336b7914.jpg
442,La Bascule,126,1760,8a20992bce9ebad07b7ce3aaa9a21436a91729c27022692bbf0b63e5a310d8c9.jpg
443,Étude de bras et jambes,127,1818,880dec7e7099b7460196e7831b0714058d2e6451ed3bb2f18a27db4911837935.jpg
444,Cheval oriental,127,1850,51f41b0ceedc6d0cb9c62a6e5fc55b12b64244d70b5edbb3ee0c26947144cee1.jpg
445,Vertumne et Pomone,27,1716,4c505519342fa460d754be5fdf532b8c94c4ac4d200d3b659c3af09720e47758.jpg
446,Couvercles de bouillon,1,1864,9e3136d50cd5843014d1b708c04813489d302a555abe1432299399a4c51e3617.jpg
447,Sainte Catherine d'Alexandrie portée au tombeau,71,1839,dd3bc11b82bd044e697bf890a2fcef1daeb62cd625d90f5a006f4781e3d4f324.jpg
448,Portrait de Madame Gervais,72,1863,45b8020a1ec398697b2b3076402bf7acb1f4d91a9802076aaa2b772c224fb944.jpg
449,Alfred Bruyas dans son cabinet de travail,58,1876,d1fb6a46edf6fea35c43694d2d484c14aead66df7314f82891a9a92d247b1f7c.jpg
450,L'Ange du soir veillant sur une ville,28,1848,1292b91075e4ebffffc20f4deeea2db37f0dbe6d7858042e3351f4909c33a2b4.jpg
451,"Tentes de la smalah de Si-Hamed-Bel-Hadj, Sahara",168,1850,9b3c053dc75e8e999630fae7daebb79c8d97de5aae5ed5372e3744b24e9f0a39.jpg
452,Énée portant son père Anchise,78,1716,453e5cba7da109cc94b717935227dce3c68521cc96c2ee98bd080417ba8d1da5.jpg
453,Sarah présentant Agar à Abraham,60,1749,63d8d90e629200259d5846e23adfb247b44f9eceef363b191efeca8cc2d49040.jpg
454,St Jérôme dans le désert écoutant la trompette du Jugement Dernier,80,1777,c77b03ce94055270ded362abb1d068823f6157afadc7a550d3572e88b1d63ffc.jpg
455,Le sang de Vénus,61,1845,76e56f8f215804311b4cca85a52fa82adec94657b53e7d50fc7008690a38d021.jpg
456,"Portrait de M. Joseph Fabre, père de l'Artiste",29,1790,680dc0bc887f1f6037e8119d827b48256ac12cd80f7a5f9b4a9abc254a239e81.jpg
457,Portrait de Caroline Scitivaux,29,1800,0790535f6c9b71a6c2dcc7b1047e4ea338d37c2d3ad05bfe1aac721f86c34d40.jpg
458,La Formation de l'Homme par Prométhée avec l'aide de Minerve,169,1702,9e5cafd47d6993e983b3ba4ebb45eb06b36660fe7f5720c1e9f934a641aba8be.jpg
459,Baptême du Christ,170,1737,b6bc702dac588851e76097f1cbf925a5835aa86d1aa1d1338b2859385155838d.jpg
460,Intérieur du cloître de la cathédrale Saint-Sauveur d'Aix,171,1831,4c7ee35cf90631e7006cd88291b85ab37a7038f840833f387eca218535d0ad3f.jpg
461,"Vue des souterrains de San-Martino ai Monti, à Rome",172,1802,a40154b7cac815ba67c54c93489a6af636d3967e95ff058af3709ebe48b46ff4.jpg
462,Sainte Apolline,173,1650,3ce5c1697c13afb4e05c39a26a1a8b26c7c1f53c7330986b53c9bc614a5ad0a3.jpg
463,Gave débordé,174,1865,9eafdd7e06a23bd1309be23e782bf7a116093ecc4cd02b4a1fa8350c9223b97a.jpg
464,"Au banc des pauvres, souvenir de Bretagne.",175,1864,474c050380b4990928de8ea741fb4beed07d1a9f3d1c49b91f604690edc1562b.jpg
466,Méléagre tue le sanglier de Calydon,177,1704,59693950d11bc30a97bf91d5d4956ffd01255bce6b7ee54baaccf5eef0786af8.jpg
467,L'Immaculée Conception,178,1702,62e5f3f7964a66bd3f40dd59a1513972f1671f04b03b9273c93ad140302c0d8f.jpg
468,Alexandre consulte l'oracle d'Apollon,179,1789,268dfc078634a3d076da1d8714105e65118666497c053d51d87ea5dd4ac4ae16.jpg
469,La Fermeté de Jubellius Taurea,180,1779,bca5779d1b7dbbf086d3859b3f7aa586137bae3876bb6604a57cdbec03e610e2.jpg
470,Promenades de femmes turques en Asie - Soleil couchant,181,1863,f44b26da2a99210b6663974afa096bee5ffd3489b23b442efeaecffde65b7b15.jpg
471,Femmes à la fontaine.,182,1839,d25665e4a142e2b5c3e3e4dfd617d151542172820329e959a033f9b905c6b603.jpg
472,La mort d'Abel. Paysage historique,183,1838,d883821950dfc9b378be3fba0eb879f2be00276dd5962a4f823986949e199bbc.jpg
473,Sainte Elisabeth en oraison,184,1755,31ea72621bf0dff84ac383ae447e77a52560daf1ac203463751e1e60fe3a76a5.jpg
474,"Vue de couvent de Vallombrosa, et le val d'Arno vus du Paradisino",139,1796,74fbecf1cee6d153a3747a457f363a77d829d37adaa405189e61fc32bff2c8ba.jpg
475,Portrait d'Elizabeth Holland avec son fils,139,1794,d54927fa60563b61db3ed2e0d2b30d3212e97d1ee5c64da28f45d2af8e11acd2.jpg
476,L'enfer de Dante,185,1846,8a608c2615d6736a3c6191dc915bc93f8caacc1b69fe089b0f199aa42ca9cb1f.jpg
477,Nature morte au vase avec fruits et fruits de mer,269,1659,e1c4b6bc70061506779704df3b25e5e2b1804c06e4d10063f0c9ed982d97b33f.jpg
478,Marine temps calme,270,1645,e962fb469260397e4fe4db2ea12705e07ca3b329b99878c100975f3b1f2aa599.jpg
479,Paysage côtier,271,1686,329bc93d7654ca2ba0f173632f6548a8a971f10c695ac6a0a3d72088b3747b41.jpg
480,Portrait de Charles Emmanuel III,189,1734,a2402f70c5e8513111b6079a5a7e137e5aabd77210c425d358c357db6c54d0fc.jpg
481,Copie d'après le Jugement Dernier de Michel-Ange,190,1570,39fe3772083531ad5221a32c24125853b53f7b2687ee061dee73afbfa75fe833.jpg
482,Nature-morte pommes & raisins,191,1665,376502c952bdd803182b2f3465387ebaee9a6adff56b1553432bb37b891e2cb6.jpg
483,Portrait de femme entourée d'une couronne de fleurs,192,1675,f584415ab1fab6fae5ced6257ee4c822c88a813b04b4d8eb6077322c987704b6.jpg
484,La Sainte Trinité,193,1600,e80d2c9bb24e414b7568627281ddd118e46aabe1c0d6d354955e0e79de0be966.jpg
485,Jésus-Christ guérissant un aveugle.,194,1825,e595aceba3d1b7b8a447ae2e0bddc00bb880a75933a3b7ca9121e89452b52217.jpg
486,Tête de jeune homme au diadème,35,1780,38408b1e3aa292e239b98f857edeb30c5684121224ce2ab4cf28b269e474d0c5.jpg
487,Paysage avec une cascade,45,1655,735c2b31fcdecb73b9d1c341d0d2745a4af7a0c29e9e1d84077db8e9d33b9a7c.jpg
488,Portrait de madame Du Barry tenant une corbeille de roses,272,1770,0feb61141ea930878b56149f4b0dc0af333d12f137ee62f69696c2e4772b40f7.jpg
489,Sainte Trinité couronnant la Vierge,273,1500,82ef3bda898d88dcbef1433b8f4270740333676695512b27ec02021ece76d15e.jpg
490,Le jugement de Midas,186,1870,f39bdae19d047e2562df5f4498954b8eea35b07e3dd1317aac934d4ead3ff40c.jpg
491,Portrait de Giovanni Battista Bourbon del Monte (1541–1614),187,1593,0d14b6bd1d42b052939887a8fa483f0af8745e8cc764ae3b9fbeac66fdb4dd0b.jpg
492,Paysage au dieu fleuve. Paysage de Grottaferrata (Venus and Adonis),33,1625,764e1c9afecf520a849e7f8ff63cd0aa55b47c1ff7a95a80ed4eeb8bb171f21a.jpg
494,L'Été,274,1824,957f2e5d4a3db1d607c5c338f64b5c52e6212da5c86d11f60f24141d9e53dc52.jpg
495,Voltaire,274,1785,1b3fc4aae8b5adfd2417537f3cb42d3d03b17a14bcc7d1422b1dfdfc433b2547.jpg
496,"Buste de la baronne Daru, née Charlotte-Xavière de Froidefond du Chatenet, 1812",275,1812,da16199b0b0950a6c2c102b26f1b28afe0f0cc736da5c61c5d53e85c798a7db1.jpg
497,Buste du baron Martial Daru (1774-1827),275,1812,2cfd5822263855d33083b6d75032d7fe41b9269451f44e4a19b408367ccad1b2.jpg
498,Buste de Vittorio Alfieri (1749-1803),276,1798,4ce3d6348f688fa248515495df4c860b451eafe5cd99f62c4ade4e2ad65f0de0.jpg
499,Effet de brouillard,95,1853,0beb56c77ceca52b5e88995f166bb71bd3e8bd33ea126580394829c4dbead7fd.jpg
500,Souvenir de ville d'Avray (Effet de matin),95,1870,02a367df2b321f756b8ffe49c10d9001c34a4a4c84b027471ae7bc6df74fb47d.jpg
501,Pierre peignant des fleurs,277,1887,2095a6b5c26d1eb83d466580cb4b317d9f08153d54f9522b5d885b71dd3f0f50.jpg
502,Saint Roch,279,1450,5d11e7e308bc4107cf160e77b7f2a41118a0a57887a781b1c9e2399e3e823e11.jpg
503,Uriage,280,1918,02a63411121bf9efbb2a6b3a180a8fa80784d1839ca86ac5d03bcef763dae59b.jpg
504,Portrait de Gustave Le Rouge,281,1896,6bde78f5566305fc6829cbc651135ae09059b2b968afab22b9ad5f6ef695ed85.jpg
505,Couronne de fleurs avec la grotte de Pausilippe,210,0,a594273ffb7b8b2d99f0e30b988dfcaf1e46d01d35f1692288eb049faeecb15b.jpg
506,Josué arrêtant le soleil (esquisse),60,1743,c5615ceb48ad3c9cfe45a0d55e72b89d10ea2149304418d61539d3910e31f9b9.jpg
507,Le Christ au roseau,282,1575,0401e52081c1d53f8f77f795ce6cd83ccff71d5948195ed6b3aee11bc0faf30b.jpg
508,Projet pour le tombeau de madame Abraham Fontanel,283,1797,d05a9dbf8669d40c1d844e5dc120edb36c2d0ac0df783b38589975f34818c7de.jpg
509,Une Muse,284,1811,262e134f6143c8149b0eb95ec9f7d39d3cc12bad71996117dda63f6cde3e75a7.jpg
510,Portrait de Molière,274,1778,b8624ed440ccbe14dfc921c6e08c138609d7df4f7d4809496f009eba001a7003.jpg
511,Buste de Voltaire,274,1778,db915f4d5e97f4ce08cdb0ff2d54fd95255ffc85fc11ab21ff44ce38cf2dfa31.jpg
512,Buste de Benjamin Franklin,274,1778,436abbc443725b2afbccb0611dc486c867d6aba6f3bbb583b5a097f7cbadfdff.jpg
513,Buste de Jean-Jacques Rousseau a l'antique,274,1785,c2d8baa087b35bd9973fde28108fabb34d4d91276d6e95c1f82e515d842c1165.jpg
514,"Buste d'Armand-Thomas Hue, marquis de Miromesnil, garde des Sceaux de France (1723-1796)",274,1785,843b2e56afd4bdf951f72631501defac80f28b8c6d37a3b2bba57508c01c1b08.jpg
515,Buste d'un magistrat inconnu,274,1788,a71f55cc44337bb55e8efee100a69506d582985bcabb69ccb2a73f5586df4af7.jpg
516,Le grand écorché,274,1800,bd349ad5153b9b283f711863e715ec1ef9fcfef9fc97f2d8e2df621fce44a351.jpg
517,Louis XV à cheval,285,1760,74e7387dcfb40b5622cbf20449139ef2ebfd410a68c0209034f278c81c94f312.jpg
518,Mademoiselle Bonnier de la Mosson,286,1680,8ebc34097f0266aa4d5c5974175e74951e5a326ed22be5eb8f52d275e661c9e2.jpg
519,La Religion terrassant l'Hérésie,287,1695,a923e162d7e57bd92be76e235a4bcc8a80893b51ab32bff1430e68a3b11d9a20.jpg
520,Portrait d'Alexandre Cabanel,288,1882,30706ee628fd6403fb84b5640a5b9962029104ea948b354ba9479305df0f5146.jpg
521,Polyphème,289,1681,5e506af1a73acf8b42b4dd1bbde303dcccccfccaa7bd6667a7bcb9e46fac3371.jpg
522,Femmes à la fontaine,182,1840,179312eb42fa1dcf7a2970819189baee9e13a4010a31921a041c7d8a6546ef66.jpg
523,Giotto traçant sur le sable une tète de bélier,290,1841,92bdfd2c160d93ff870fdd8ebcef50a8042b1634e26b958fd3c1287cb712e8f3.jpg
524,Groupe d'enfants,10,1773,0d06f947e32a9548eec77ad9e356a416379227c11993c2e38caa741053c9bec6.jpg
525,"Portrait en buste d'Antoine Valedau, bienfaiteur du musée",291,1839,377fc0b38b527f723a90bacf668e8aa0999a6dd1f2d14fb7a9a0c8e54a84b516.jpg
526,Portrait de Jan Frederik Bachman (vers 1720-1774) et sa famille,292,1750,7e5ba57c898ae3b9cbeb582de8efc92b7a5f81e473e33c1eb9135c76bebb896c.jpg
527,Portrait de Jan Frederik Bachman (vers 1720-1774),292,1756,5574cf749e8804ccb4dac7f4c43913c1e7dd16a5475f1bc20dee563d7453245f.jpg
528,Portrait de Johanna Catherina van den Broek (1721-1788) et sa famille,292,1748,ddca0a262455553de6de10605ca7ec777a66c29f7c388004eecae4733556ab58.jpg
529,Stèle commémorative à la mémoire de Willem Swart (1659-1736),292,1752,2629541ac5c8d2a498d7715f18f8d2cf21da013bf27abd638ec831c5a57d40a5.jpg
530,Double portrait de Jan Frederik Bachman (vers 1720-1774) et Johanna Catharina van den Broek (1721-1788),292,1747,f88a0a4b53236093912d5335c15428e8d44d1c13dc7efe0bc67b02b2a47876de.jpg
531,Chat sauvage et faisan,293,1878,1858841b3ff18bd5edef145f8032cd89da8001e035792f7f9909b332f9ec604d.jpg
532,Portrait de l'artiste par lui-même,67,1849,4c8220e3f2ee8fae23e8824782871cad2db9c7f789900e5296b6254565ad0d2e.jpg
533,Portrait de M. le baron Creuzé de Lesser,294,1902,6d8bff70652598dfdf3129cb5c99c22d8e873cab5db96db45774ff05c342d6e7.jpg
52,L’Hiver dit La Frileuse,16,1783,12f4650b26823eb3a667b96973f74a9acf7bcfbbf5ec0d347f7350683daa35dd.jpg
52,L’Hiver dit La Frileuse,16,1783,0f8c2763e6ab445ae0a102169a4778c0d59246fce5f843ab559e98b086b2bff6.jpg
408,Le repos devant l'auberge,2,1660,f240e5274f4b5f53e117948098e71dcc480ff6e342f4d34868446db14f3c881e.jpg
216,Pygmalion amoureux de sa statue,59,1717,98cdb799528c49485b0abd8634f3bf92cf7a7a78881404a665ef701d1f30c040.jpg
402,Étude d'après le modèle Aspasie,31,1820,7cc1ae5c534e3e47231306541ffd45d1f9ae72d63d5b7f538dfe4d3f004ea518.jpg
191,Paysage et animaux,249,1665,96202efb87b4faa669b8b4169305ef72beb107abcb43278d4e39da712ae537e7.jpg
367,Rébecca et Éliézer,163,1670,2635b3b6a6afa55603b64454c80f11ce345913d43c6d09810fbba2765647e077.jpg
35,"Comme les vieux chantent, les enfants piaillent",2,0,4418ffb27391c19742523bb37ba48f54cb72cd9210bd75dfe1fe5c1219ae47f9.jpg
105,"Académie d'homme, Hector",35,1778,14a0782e1de4f41c2e493df8de8e1c49e62783f03a31e0b3b0b53331d7207452.jpg
51,Fontaine des Trois Grâces,10,1777,f92b38059f5c30e5ff19401a5cab7f67685fb58e8625a23565388ff44462fb81.jpg
1,Vue de village,1,1868,917c116e8086a3c8494ea832bcc83d3a065857fcf9128eb8c8338c91fe0fc52e.jpg
122,Bataille,121,1690,02c514728707492a1908100bda19a4b8bcaf1ba8643e91a987f8619c936a8e5e.jpg
436,Hector exposé sur les rives du Scamandre,125,1759,49859ef9184dd6497701bfb607b34ee9ae7ddb04b1d4a1013164fe8ccd4a0e2b.jpg
465,Clotilde de Surville,176,1853,e79a9915d94f2706d5db3f3d5fa572c26af0b16444a57ba1358d6560872c2e41.jpg
129,Portrait de jeune femme et portrait de jeune homme,70,1490,393808e5ec641290f9426868cca0e5fa085f43aac753cced053fd70344a34aea.jpg
194,Paysage au château,213,1685,605e963e2f5fc38cb3a46389c62a4c13f6ed6f7fee098dfa7fdc39a9ed9a5f63.jpg
275,"Visitation, Adoration des Mages, Fuite en Égypte, Circoncision & Assomption",312,1543,a10d660c4583cc24e779702a9dd4fc6929372f557d70a4ef1276f969bc07d4f7.jpg
2,"Étude de nu, dit Nu couché",1,1864,3c65bc5fc1f2dfce6e0575a9171bd626882eb0627d19eae19cd66c13a514c1a0.jpg
